<beans xmlns:mvc="http://www.springframework.org/schema/mvc"
       xmlns="http://www.springframework.org/schema/beans"
       xmlns:xsi="http://www.w3.org/2001/XMLSchema-instance"
       xmlns:context="http://www.springframework.org/schema/context"
       xsi:schemaLocation="http://www.springframework.org/schema/mvc http://www.springframework.org/schema/mvc/spring-mvc.xsd
       http://www.springframework.org/schema/beans
        http://www.springframework.org/schema/beans/spring-beans.xsd
        http://www.springframework.org/schema/context http://www.springframework.org/schema/context/spring-context.xsd">

    <context:component-scan base-package="com.lissomsoft.clinic.controller"/>
    <context:component-scan base-package="com.lissomsoft.clinic.service"/>
    <context:component-scan base-package="com.lissomsoft.clinic.dao"/>
    <context:component-scan base-package="com.lissomsoft.clinic.domain"/>
    <!--<bean id="patient" class="com.lissomsoft.clinic.controller.HelloController.Patient"/>-->

    <mvc:annotation-driven content-negotiation-manager="contentManager"/>

    <mvc:resources mapping="/static/**" location="/static/"/>
    <bean id="contentManager" class="org.springframework.web.accept.ContentNegotiationManagerFactoryBean">
        <property name="favorPathExtension" value="true"/>
        <property name="ignoreAcceptHeader" value="true" />
        <property name="defaultContentType" value="text/html" />
        <property name="useJaf" value="false"/>
        <property name="mediaTypes">
            <map>
                <entry key="html" value="text/html" />
                <entry key="json" value="application/json" />
                <entry key="xml" value="application/xml" />
            </map>
        </property>

            </bean>

    <bean class="org.springframework.web.servlet.view.InternalResourceViewResolver">
        <property name="prefix" value="/WEB-INF/pages/"/>
        <property name="suffix" value=".jsp"/>
    </bean>
    <bean id="multipartResolver" class="org.springframework.web.multipart.commons.CommonsMultipartResolver">
        <!--  max upload size in bytes  -->
        <property name="maxUploadSize" value="20971520"/>
        <!--  20MB  -->
        <!--  max size of file in memory (in bytes)  -->
        <property name="maxInMemorySize" value="1048576"/>
        <!--  1MB  -->
    </bean>
    <bean class="org.springframework.beans.factory.config.PropertyPlaceholderConfigurer">
        <property name="location">
            <value>/WEB-INF/db.properties</value>
        </property>
    </bean>

    <bean id="mysqlDataSource" class="org.apache.commons.dbcp2.BasicDataSource" destroy-method="close">
        <property name="driverClassName" value="com.mysql.jdbc.Driver" />
        <property name="url" value="jdbc:mysql://localhost:3306/clinic?useUnicode=yes&amp;characterEncoding=UTF-8" />
        <property name="username" value="root" />
        <property name="password" value="root" />
    </bean>
    <bean id="NamedParameterJdbcTemplate" class="org.springframework.jdbc.core.namedparam.NamedParameterJdbcTemplate">
        <constructor-arg type="javax.sql.DataSource" ref="mysqlDataSource"/>
        <!--<property name="dataSource" ref="dataSource"></property>-->
    </bean>

    <bean id="userService" class="com.lissomsoft.clinic.service.UserServiceImpl"/>
    <bean id="userDao" class="com.lissomsoft.clinic.dao.UserDaoImpl"/>

</beans>